-- MySQL dump 10.13  Distrib 8.0.39, for Win64 (x86_64)
--
-- Host: localhost    Database: DBWebShop
-- ------------------------------------------------------
-- Server version	8.0.30

/*!40101 SET @OLD_CHARACTER_SET_CLIENT=@@CHARACTER_SET_CLIENT */;
/*!40101 SET @OLD_CHARACTER_SET_RESULTS=@@CHARACTER_SET_RESULTS */;
/*!40101 SET @OLD_COLLATION_CONNECTION=@@COLLATION_CONNECTION */;
/*!50503 SET NAMES utf8mb4 */;
/*!40103 SET @OLD_TIME_ZONE=@@TIME_ZONE */;
/*!40103 SET TIME_ZONE='+00:00' */;
/*!40014 SET @OLD_UNIQUE_CHECKS=@@UNIQUE_CHECKS, UNIQUE_CHECKS=0 */;
/*!40014 SET @OLD_FOREIGN_KEY_CHECKS=@@FOREIGN_KEY_CHECKS, FOREIGN_KEY_CHECKS=0 */;
/*!40101 SET @OLD_SQL_MODE=@@SQL_MODE, SQL_MODE='NO_AUTO_VALUE_ON_ZERO' */;
/*!40111 SET @OLD_SQL_NOTES=@@SQL_NOTES, SQL_NOTES=0 */;

--
-- Current Database: `DBWebShop`
--

CREATE DATABASE /*!32312 IF NOT EXISTS*/ `DBWebShop` /*!40100 DEFAULT CHARACTER SET utf8mb4 COLLATE utf8mb4_0900_ai_ci */ /*!80016 DEFAULT ENCRYPTION='N' */;

USE `DBWebShop`;

--
-- Table structure for table `Category`
--

DROP TABLE IF EXISTS `Category`;
/*!40101 SET @saved_cs_client     = @@character_set_client */;
/*!50503 SET character_set_client = utf8mb4 */;
CREATE TABLE `Category` (
  `CategoryID` int NOT NULL AUTO_INCREMENT,
  `CategoryName` varchar(45) NOT NULL,
  PRIMARY KEY (`CategoryID`)
) ENGINE=InnoDB AUTO_INCREMENT=19 DEFAULT CHARSET=utf8mb4 COLLATE=utf8mb4_0900_ai_ci;
/*!40101 SET character_set_client = @saved_cs_client */;

--
-- Dumping data for table `Category`
--

LOCK TABLES `Category` WRITE;
/*!40000 ALTER TABLE `Category` DISABLE KEYS */;
INSERT INTO `Category` VALUES (1,'Сайт-визитка'),(2,'Интернет-магазин'),(3,'Корпоративный сайт'),(4,'Лендинг (Landing Page)'),(5,'Портфолио'),(6,'Блог'),(7,'Информационный портал'),(8,'Новостной сайт'),(9,'Форум'),(10,'Персональный сайт'),(11,'Промо-сайт'),(12,'Образовательный портал'),(13,'Сайт услуг'),(14,'Медицинский сайт'),(15,'Туристический сайт'),(16,'Сайт ресторана'),(17,'Фитнес-портал'),(18,'Сайт недвижимости');
/*!40000 ALTER TABLE `Category` ENABLE KEYS */;
UNLOCK TABLES;

--
-- Table structure for table `Clients`
--

DROP TABLE IF EXISTS `Clients`;
/*!40101 SET @saved_cs_client     = @@character_set_client */;
/*!50503 SET character_set_client = utf8mb4 */;
CREATE TABLE `Clients` (
  `ClientID` int NOT NULL AUTO_INCREMENT,
  `Surname` varchar(90) NOT NULL,
  `FirstName` varchar(75) NOT NULL,
  `MiddleName` varchar(90) DEFAULT NULL,
  `Email` varchar(100) NOT NULL,
  `PhoneNumber` varchar(20) NOT NULL,
  PRIMARY KEY (`ClientID`)
) ENGINE=InnoDB AUTO_INCREMENT=55 DEFAULT CHARSET=utf8mb4 COLLATE=utf8mb4_0900_ai_ci;
/*!40101 SET character_set_client = @saved_cs_client */;

--
-- Dumping data for table `Clients`
--

LOCK TABLES `Clients` WRITE;
/*!40000 ALTER TABLE `Clients` DISABLE KEYS */;
INSERT INTO `Clients` VALUES (1,'Попов','Михаил','Владимирович','mihail.popov@bk.ru','+7 (915) 234-56-01'),(2,'Лебедев','Илья','Андреевич','ilya.lebedev@yandex.ru','+7 (916) 845-12-13'),(3,'Белов','Роман','Сергеевич','roman.belov@gmail.com','+7 (903) 678-90-23'),(4,'Тимофеев','Артём','Павлович','artem.timofeev@mail.ru','+7 (912) 445-77-34'),(5,'Павлов','Виктор','Николаевич','viktor.pavlov@yandex.ru','+7 (917) 332-11-45'),(6,'Рыбаков','Константин','Игоревич','kosta.rybakov@gmail.com','+7 (909) 556-88-56'),(7,'Нестеров','Сергей','Петрович','sergey.nesterov@mail.ru','+7 (925) 101-23-67'),(8,'Фадеев','Алексей','Михайлович','aleksey.fadeev@yandex.ru','+7 (926) 214-09-78'),(9,'Громов','Денис','Викторович','denis.gromov@gmail.com','+7 (913) 777-44-19'),(10,'Кудрин','Евгений','Анатольевич','evgeny.kudrin@mail.ru','+7 (960) 998-21-20'),(11,'Снегов','Никита','Олегович','nikita.snegov@yandex.ru','+7 (985) 430-12-31'),(12,'Ларин','Павел','Дмитриевич','pavel.larin@gmail.com','+7 (962) 555-33-42'),(13,'Прокофьев','Георгий','Ильич','georgy.prokofiev@mail.ru','+7 (967) 241-54-53'),(14,'Савин','Игорь','Алексеевич','igor.savin@yandex.ru','+7 (903) 812-65-64'),(15,'Денисов','Максим','Романович','maxim.denisov@gmail.com','+7 (915) 329-76-75'),(16,'Пономарёв','Вадим','Сергеевич','vadim.ponomarev@yahoo.com','+7 (916) 218-87-86'),(17,'Акимов','Рустам','Павлович','rustam.akimov@yandex.ru','+7 (903) 640-98-97'),(18,'Веденин','Вячеслав','Иванович','vyacheslav.vedenin@gmail.com','+7 (925) 471-09-08'),(19,'Баранов','Фёдор','Никитич','fedor.baranov@mail.ru','+7 (909) 382-10-19'),(21,'Степанов','Роман','Андреевич','roman.stepanov@gmail.com','+7 (912) 668-32-31'),(22,'Архипов','Дмитрий','Владимирович','dmitriy.arkhipov@mail.ru','+7 (960) 774-43-42'),(23,'Марченко','Тимур','Олегович','timur.marchenko@yandex.ru','+7 (985) 891-54-53'),(24,'Зимин','Матвей','Александрович','matvey.zimin@gmail.com','+7 (926) 210-65-64'),(25,'Лосев','Валерий','Геннадьевич','valeriy.losev@mail.ru','+7 (903) 123-76-75'),(26,'Махов','Арсений','Михайлович','arsen.makhov@yandex.ru','+7 (915) 987-87-86'),(27,'Князев','Иван','Кириллович','ivan.knyazev@gmail.com','+7 (917) 654-98-97'),(29,'Черемисов','Анатолий','Сергеевич','anatoly.cheremisov@yandex.ru','+7 (960) 357-10-19'),(30,'Смоляков','Назар','Игоревич','nazar.smolyakov@gmail.com','+7 (962) 468-21-20'),(31,'Ульянов','Борис','Павлович','boris.ulyanov@mail.ru','+7 (985) 579-32-31'),(32,'Беляков','Олег','Николаевич','oleg.belyakov@yandex.ru','+7 (926) 680-43-42'),(33,'Юдин','Савелий','Викторович','saveliy.yudin@gmail.com','+7 (915) 791-54-53'),(34,'Хлопов','Родион','Григорьевич','rodion.khlopov@mail.ru','+7 (903) 802-65-64'),(35,'Поплавский','Юрий','Алексеевич','yuriy.poplavsky@yandex.ru','+7 (917) 213-76-75'),(36,'Кириллов','Николай','Дмитриевич','nikolay.kirillov@gmail.com','+7 (909) 124-87-86'),(37,'Бородин','Владислав','Петрович','vladislav.borodin@mail.ru','+7 (921) 335-98-97'),(38,'Суханов','Александр','Романович','alex.sukhanov@yandex.ru','+7 (960) 446-09-08'),(40,'Дьячков','Леонид','Сергеевич','leonid.dyachkov@mail.ru','+7 (915) 668-21-20'),(41,'Золотарёв','Раймонд','Андреевич','raymond.zolotarev@gmail.com','+7 (926) 779-32-31'),(42,'Коваленко','Платон','Никитич','platon.kovalenko@yandex.ru','+7 (903) 880-43-42'),(43,'Макеев','Григорий','Александрович','grigory.makeev@mail.ru','+7 (917) 991-54-53'),(44,'Назаров','Роман','Вадимович','roman.nazarov@gmail.com','+7 (960) 102-65-64'),(45,'Рожков','Семен','Павлович','semen.rozhkov@yandex.ru','+7 (962) 213-76-75'),(47,'Калинин','Артур','Олегович','artur.kalinin@gmail.com','+7 (915) 435-98-97'),(48,'Фоминский','Виталий','Денисович','vitaly.fominsky@mail.ru','+7 (903) 546-09-08');
/*!40000 ALTER TABLE `Clients` ENABLE KEYS */;
UNLOCK TABLES;

--
-- Table structure for table `Order`
--

DROP TABLE IF EXISTS `Order`;
/*!40101 SET @saved_cs_client     = @@character_set_client */;
/*!50503 SET character_set_client = utf8mb4 */;
CREATE TABLE `Order` (
  `OrderID` int NOT NULL AUTO_INCREMENT,
  `UserID` int NOT NULL,
  `ClientID` int NOT NULL,
  `OrderDate` date NOT NULL,
  `OrderCompDate` date NOT NULL,
  `StatusID` int NOT NULL,
  `OrderCost` decimal(12,2) NOT NULL,
  `Discount` decimal(12,2) DEFAULT '0.00',
  `Surcharge` decimal(12,2) DEFAULT '0.00',
  PRIMARY KEY (`OrderID`),
  KEY `fk_order_user_idx` (`UserID`),
  KEY `fk_order_client_idx` (`ClientID`),
  KEY `fk_order_status_idx` (`StatusID`),
  CONSTRAINT `fk_order_client` FOREIGN KEY (`ClientID`) REFERENCES `Clients` (`ClientID`),
  CONSTRAINT `fk_order_status` FOREIGN KEY (`StatusID`) REFERENCES `Status` (`StatusID`),
  CONSTRAINT `fk_order_user` FOREIGN KEY (`UserID`) REFERENCES `Users` (`UserID`)
) ENGINE=InnoDB AUTO_INCREMENT=28 DEFAULT CHARSET=utf8mb4 COLLATE=utf8mb4_0900_ai_ci;
/*!40101 SET character_set_client = @saved_cs_client */;

--
-- Dumping data for table `Order`
--

LOCK TABLES `Order` WRITE;
/*!40000 ALTER TABLE `Order` DISABLE KEYS */;
INSERT INTO `Order` VALUES (1,2,17,'2025-12-09','2025-12-24',2,78500.30,0.00,0.00),(2,2,19,'2025-12-09','2025-12-13',1,15583.64,0.00,2032.65),(3,2,10,'2025-12-09','2025-12-14',4,123120.12,7980.01,17100.02),(4,2,3,'2025-12-09','2025-12-16',3,24550.00,0.00,0.00),(5,2,19,'2025-12-09','2026-01-14',1,44000.66,0.00,0.00),(6,2,10,'2025-12-09','2026-07-28',2,113925.89,8575.07,0.00),(7,2,22,'2025-12-09','2025-12-16',4,78500.30,0.00,0.00),(8,6,1,'2025-12-11','2026-10-20',2,101417.80,7633.60,0.00),(9,6,41,'2025-12-11','2025-12-18',1,132894.32,8613.52,18457.55),(10,6,19,'2025-12-11','2025-12-18',4,29500.30,0.00,0.00),(11,6,32,'2025-12-11','2025-12-24',1,60000.00,0.00,0.00),(12,6,29,'2025-12-11','2026-03-18',1,90000.00,0.00,0.00),(13,13,5,'2025-12-11','2026-02-26',1,55560.88,0.00,0.00),(14,13,22,'2025-12-11','2025-12-14',3,135091.79,8755.95,18762.75),(15,13,22,'2025-12-11','2026-03-23',1,25500.30,0.00,0.00),(16,13,22,'2025-12-11','2026-03-12',2,139500.00,10500.00,0.00),(17,13,22,'2025-12-11','2026-02-24',1,51524.00,7026.00,0.00),(18,6,23,'2025-12-11','2026-03-24',1,200419.83,15085.36,0.00),(19,6,3,'2025-12-11','2025-12-17',3,21275.35,0.00,2775.05),(20,6,42,'2025-12-11','2026-02-24',1,88000.11,0.00,0.00),(21,6,17,'2025-12-11','2025-12-15',4,69000.00,0.00,9000.00),(22,6,3,'2025-12-11','2025-12-31',1,70000.00,0.00,0.00),(23,6,15,'2025-12-11','2026-03-17',2,84000.00,0.00,0.00),(24,6,16,'2025-12-11','2026-01-13',1,157004.00,0.00,0.00),(25,6,42,'2025-12-11','2026-03-25',1,47000.10,0.00,0.00),(26,6,27,'2025-12-11','2026-05-21',1,106004.00,0.00,0.00),(27,6,22,'2025-12-11','2025-12-16',2,95700.12,4350.01,13050.02);
/*!40000 ALTER TABLE `Order` ENABLE KEYS */;
UNLOCK TABLES;

--
-- Table structure for table `OrderProduct`
--

DROP TABLE IF EXISTS `OrderProduct`;
/*!40101 SET @saved_cs_client     = @@character_set_client */;
/*!50503 SET character_set_client = utf8mb4 */;
CREATE TABLE `OrderProduct` (
  `OrderID` int NOT NULL,
  `ProductID` int NOT NULL,
  `ProductCount` int NOT NULL,
  `ProductPrice` decimal(12,2) NOT NULL,
  PRIMARY KEY (`OrderID`,`ProductID`),
  KEY `fk_orderproduct_product_idx` (`ProductID`),
  KEY `fk_orderproduct_order_idx` (`OrderID`),
  CONSTRAINT `fk_orderproduct_order` FOREIGN KEY (`OrderID`) REFERENCES `Order` (`OrderID`),
  CONSTRAINT `fk_orderproduct_product` FOREIGN KEY (`ProductID`) REFERENCES `Product` (`ProductID`)
) ENGINE=InnoDB DEFAULT CHARSET=utf8mb4 COLLATE=utf8mb4_0900_ai_ci;
/*!40101 SET character_set_client = @saved_cs_client */;

--
-- Dumping data for table `OrderProduct`
--

LOCK TABLES `OrderProduct` WRITE;
/*!40000 ALTER TABLE `OrderProduct` DISABLE KEYS */;
INSERT INTO `OrderProduct` VALUES (1,1,1,18500.30),(1,2,1,60000.00),(2,5,1,13550.99),(3,7,1,7000.00),(3,8,1,77000.11),(3,9,1,30000.00),(4,7,1,7000.00),(4,11,1,17550.00),(5,3,1,44000.66),(6,1,1,18500.30),(6,2,1,60000.00),(6,3,1,44000.66),(7,1,1,18500.30),(7,2,1,60000.00),(8,1,1,18500.30),(8,5,1,13550.99),(8,8,1,77000.11),(9,1,1,18500.30),(9,7,1,7000.00),(9,11,1,17550.00),(9,13,1,80000.00),(10,1,1,18500.30),(10,6,1,11000.00),(11,2,1,60000.00),(12,4,1,10000.00),(12,13,1,80000.00),(13,16,1,5560.88),(13,23,1,50000.00),(14,10,1,19080.99),(14,20,1,77004.00),(14,21,1,29000.00),(15,1,1,18500.30),(15,7,1,7000.00),(16,6,1,11000.00),(16,9,1,30000.00),(16,13,1,80000.00),(16,21,1,29000.00),(17,6,1,11000.00),(17,9,1,30000.00),(17,11,1,17550.00),(18,1,1,18500.30),(18,19,1,120000.89),(18,20,1,77004.00),(19,1,1,18500.30),(20,6,1,11000.00),(20,8,1,77000.11),(21,2,1,60000.00),(22,17,1,70000.00),(23,18,1,55000.00),(23,21,1,29000.00),(24,13,1,80000.00),(24,20,1,77004.00),(25,15,1,18000.10),(25,21,1,29000.00),(26,20,1,77004.00),(26,21,1,29000.00),(27,4,1,10000.00),(27,8,1,77000.11);
/*!40000 ALTER TABLE `OrderProduct` ENABLE KEYS */;
UNLOCK TABLES;

--
-- Table structure for table `Product`
--

DROP TABLE IF EXISTS `Product`;
/*!40101 SET @saved_cs_client     = @@character_set_client */;
/*!50503 SET character_set_client = utf8mb4 */;
CREATE TABLE `Product` (
  `ProductID` int NOT NULL AUTO_INCREMENT,
  `ProductName` varchar(75) NOT NULL,
  `ProductDescription` text NOT NULL,
  `ProductPhoto` text,
  `CategoryID` int NOT NULL,
  `BasePrice` decimal(9,2) NOT NULL,
  PRIMARY KEY (`ProductID`),
  KEY `fk_product_category_idx` (`CategoryID`),
  CONSTRAINT `fk_product_category` FOREIGN KEY (`CategoryID`) REFERENCES `Category` (`CategoryID`)
) ENGINE=InnoDB AUTO_INCREMENT=24 DEFAULT CHARSET=utf8mb4 COLLATE=utf8mb4_0900_ai_ci;
/*!40101 SET character_set_client = @saved_cs_client */;

--
-- Dumping data for table `Product`
--

LOCK TABLES `Product` WRITE;
/*!40000 ALTER TABLE `Product` DISABLE KEYS */;
INSERT INTO `Product` VALUES (1,'Digital Визитка Pro','Элегантная и современная одностраничная визитка вашей компании в цифровом пространстве. Включает профессиональное представление компании, детальное описание услуг и преимуществ, встроенную форму обратной связи, интерактивную карту расположения офиса, быстрые ссылки на все социальные сети и мессенджеры. Сайт оптимизирован для всех устройств и содержит счётчик посещений. Идеальное решение для стартапов, фрилансеров и малых предприятий, желающих произвести первое впечатление.','Сайт-визитка.png',1,18500.30),(2,'ShopMax – Премиум Магазин','Высокопроизводительный онлайн-магазин нового поколения с продвинутыми функциями электронной коммерции. Полноценный каталог товаров с неограниченным количеством позиций, многоуровневые фильтры по цене, характеристикам и отзывам, умная система рекомендаций похожих товаров. Интегрированы все популярные платёжные системы (Яндекс.Касса, Сбербанк, Paypal), система управления складом с отслеживанием остатков, личный кабинет клиента с историей заказов. Полная аналитика продаж в реальном времени и CRM для работы с клиентами.','Интернет-магазин.png',2,60000.00),(3,'CorporateHub Elite','Авторитетный корпоративный сайт, демонстрирующий профессионализм и масштаб вашей организации. Множество разделов: подробная история компании, полный каталог услуг и решений, команда сотрудников с фото и должностями, новостная лента с последними обновлениями, портфолио завершённых проектов, раздел с отзывами и кейсами клиентов. Встроена передовая CMS для управления контентом без технических знаний, интеграция с внутренними системами (1С, ERP), система документооборота. Мощная аналитика поведения посетителей.','Корпоративный сайт.png',3,44000.66),(4,'ConvertLand - Высокопродуктивный Лендинг','Специально разработанная целевая страница для максимального захвата внимания и преобразования посетителей в клиентов или лидов. Убедительный сценарий продаж с психологически проверенной структурой, минималистичный дизайн без отвлекающих элементов, привлекающие видеоролики и динамичные изображения. Оптимизированные формы заявок с минимальным количеством полей, счётчик отсчёта времени, социальное доказательство (отзывы, рейтинги). Полная интеграция с email-маркетингом и CRM-системами. Подробная аналитика конверсий каждого элемента.','Лендинг.png',4,10000.00),(5,'PortfolioShowcase Premium','Профессиональный сайт-портфолио для демонстрации вашего таланта и опыта. Красивая галерея работ с возможностью увеличения, фильтрации по категориям и датам выполнения. Детальные страницы для каждого проекта с описанием задачи, решения, использованных инструментов и результатов. Секция с информацией об авторе, квалификации, опыте и достижениях. Система отзывов от довольных клиентов с рейтингами и фотографиями. Встроённая форма для получения новых заказов и контактная информация.','Портфолио.png',5,13550.99),(6,'Интеллектуальный Блог','Мощная информационная платформа для публикации и распространения качественного контента. Интуитивная система создания статей с поддержкой богатого форматирования, встраивания видео и инфографики. Автоматическая категоризация и теги для удобной навигации, встроенный поиск по статьям с поддержкой фильтров. Система комментариев с модерацией и уведомлениями, возможность подписки читателей на обновления. Полная оптимизация для SEO, генерация RSS-ленты, интеграция с социальными сетями для автоматического шеринга.','Интелектуальный блог.png',6,11000.00),(7,'Личный Онлайн-Дневник','Уютное пространство для ведения личного дневника и творческого самовыражения в интернете. Приватные или полуоткрытые записи с контролем доступа, система закрепления важных заметок, галерея фото и видео к записям. Интерактивные элементы: опросы для читателей, стена комментариев, система лайков и рейтинга записей. Красивые темы оформления на выбор, возможность экспорта всех записей. Уведомления о новых комментариях и подписках. Полная конфиденциальность и безопасность данных.','Личный блог.png',6,7000.00),(8,'Портал Знаний','Масштабный информационный экосистем для размещения и организации большого объёма контента. Многоуровневая иерархия разделов и подразделов для логичной организации информации, динамическая система быстрого поиска по всему контенту, система рекомендений связанных материалов. Виджеты горячих новостей, рейтинга популярного контента и последних обновлений. Персонализация для каждого пользователя на основе его интересов, система уведомлений о новом контенте. Встроённая аналитика популярности материалов.','Информационный портал.png',7,77000.11),(9,'Динамичный Новостной Портал','Современная платформа для быстрого и эффективного распространения новостей и актуальной информации. Система горячих новостей с автоматическим выдвижением на первый план, категоризация новостей по темам с быстрым переходом между ними. Встроённая система лайков и комментариев для взаимодействия аудитории, возможность поделиться новостью в соцсетях одним кликом. Push-уведомления на мобильные устройства об важных новостях, RSS-лента для подписки. Полная оптимизация для поисковых систем и быстрой индексации.','Новостной сайт.png',8,30000.00),(10,'Cайт Форум','Живое интернет-сообщество для обсуждения интересующих вас тем и обмена ценным опытом. Удобная структура разделов и подразделов по различным категориям, древовидная структура тем и ответов для логичного диалога. Система репутации пользователей, значки и звания для активных участников, приватные сообщения между пользователями. Мощная модераторская панель для контроля качества контента, система автомодерации от спама и оскорблений. Интеграция с соцсетями для удобного входа, уведомления об ответах на ваши посты.','Форум.png',9,19080.99),(11,'Персональный Бренд','Веб-пространство для продвижения вашей личной марки и профессионального имиджа. Выразительная главная страница с кратким резюме и ключевыми компетенциями, детальный раздел опыта с описанием всех значимых проектов и достижений. Полный набор ваших навыков с визуализацией уровня владения, загружаемое резюме в PDF-формате. Портфолио завершённых проектов с описаниями и результатами, секция с благодарностями и рекомендациями от коллег. Встроённая контактная форма для приглашений на новые проекты и сотрудничество.','Персональный сайт.png',10,17550.00),(12,'Рекламная Платформа','Инновационный сайт для запуска и продвижения специальных рекламных кампаний и событий. Захватывающий дизайн с использованием современных визуальных эффектов, видеофон с автоматическим проигрыванием яркого видео. Интерактивные элементы: счётчик дней до события, таймер предложения, слайдеры с преимуществами. Встроённые формы регистрации и заказа предложения, интеграция с социальными сетями для массовой рассылки. Полная аналитика кликов, просмотров и конверсий кампании.','Промо-сайт.png',11,27700.00),(13,'Платформа Онлайн-Обучения','Профессиональная система управления обучением для создания и проведения онлайн-курсов. Структурированные курсы с модулями и уроками, видеолекции в высоком качестве с транскриптами, интерактивные задания и тесты для проверки знаний. Система отслеживания прогресса студентов с детальной статистикой, сертификаты об окончании курсов для резюме. Личные кабинеты студентов и преподавателей с удобным управлением, форум для обсуждения материалов курса. Встроённые платежи за курсы, аналитика популярности и эффективности контента.','Образовательный портал.png',12,80000.00),(15,'MyPro – Персональный Бренд','Веб-пространство для продвижения личной марки с резюме, портфолио проектов и формой для новых предложений.','',10,18000.10),(16,'CampaignBlast – Реклама','Сайт для запуска рекламных кампаний с видеофоном, интерактивными элементами и аналитикой конверсий.','',11,5560.88),(17,'EduSmart – Платформа Обучения','Система управления онлайн-курсами с видеолекциями, тестами, сертификатами и отслеживанием прогресса студентов.','',12,70000.00),(18,'EventPro – Сайт Мероприятия','Всё для организации события: программа, регистрация, билеты, карта локации и системы уведомлений участников.','',13,55000.00),(19,'RestaurantHub – Меню Ресторана','Интерактивное меню с категориями блюд, фото, ценами, возможностью резервирования и доставки.','',16,120000.89),(20,'RealEstateMax – Недвижимость','Каталог объектов недвижимости с фото, видеотурами, фильтрами по цене и параметрам, виртуальным покупателем.','',18,77004.00),(21,'HealthClinic – Медицинский Портал','Сайт клиники с записью к врачам, расписанием, информацией об услугах и историей пациентов.','',14,29000.00),(22,'FitnessPro – Тренировочный Центр','Платформа для фитнес-тренировок с видео-уроками, программами тренировок, отслеживанием прогресса и диетой.','',17,74350.09),(23,'TravelGuide – Туристический Портал','Сайт путешествий с каталогом туров, описаниями, фотогалереями, рейтингами и системой бронирования.','',15,50000.00);
/*!40000 ALTER TABLE `Product` ENABLE KEYS */;
UNLOCK TABLES;

--
-- Table structure for table `Role`
--

DROP TABLE IF EXISTS `Role`;
/*!40101 SET @saved_cs_client     = @@character_set_client */;
/*!50503 SET character_set_client = utf8mb4 */;
CREATE TABLE `Role` (
  `RoleID` int NOT NULL AUTO_INCREMENT,
  `RoleName` varchar(30) NOT NULL,
  PRIMARY KEY (`RoleID`)
) ENGINE=InnoDB AUTO_INCREMENT=4 DEFAULT CHARSET=utf8mb4 COLLATE=utf8mb4_0900_ai_ci;
/*!40101 SET character_set_client = @saved_cs_client */;

--
-- Dumping data for table `Role`
--

LOCK TABLES `Role` WRITE;
/*!40000 ALTER TABLE `Role` DISABLE KEYS */;
INSERT INTO `Role` VALUES (1,'Администратор'),(2,'Менеджер'),(3,'Директор');
/*!40000 ALTER TABLE `Role` ENABLE KEYS */;
UNLOCK TABLES;

--
-- Table structure for table `Status`
--

DROP TABLE IF EXISTS `Status`;
/*!40101 SET @saved_cs_client     = @@character_set_client */;
/*!50503 SET character_set_client = utf8mb4 */;
CREATE TABLE `Status` (
  `StatusID` int NOT NULL AUTO_INCREMENT,
  `StatusName` varchar(30) NOT NULL,
  PRIMARY KEY (`StatusID`)
) ENGINE=InnoDB AUTO_INCREMENT=5 DEFAULT CHARSET=utf8mb4 COLLATE=utf8mb4_0900_ai_ci;
/*!40101 SET character_set_client = @saved_cs_client */;

--
-- Dumping data for table `Status`
--

LOCK TABLES `Status` WRITE;
/*!40000 ALTER TABLE `Status` DISABLE KEYS */;
INSERT INTO `Status` VALUES (1,'Новый'),(2,'В работе'),(3,'Завершён'),(4,'Отменён');
/*!40000 ALTER TABLE `Status` ENABLE KEYS */;
UNLOCK TABLES;

--
-- Table structure for table `Users`
--

DROP TABLE IF EXISTS `Users`;
/*!40101 SET @saved_cs_client     = @@character_set_client */;
/*!50503 SET character_set_client = utf8mb4 */;
CREATE TABLE `Users` (
  `UserID` int NOT NULL AUTO_INCREMENT,
  `Surname` varchar(90) NOT NULL,
  `FirstName` varchar(75) NOT NULL,
  `MiddleName` varchar(90) DEFAULT NULL,
  `UserLogin` varchar(20) NOT NULL,
  `UserPassword` varchar(255) NOT NULL,
  `RoleID` int NOT NULL,
  `PhoneNumber` varchar(20) NOT NULL,
  PRIMARY KEY (`UserID`),
  UNIQUE KEY `UserLogin_UNIQUE` (`UserLogin`),
  UNIQUE KEY `UserPassword_UNIQUE` (`UserPassword`),
  KEY `fk_user_role_idx` (`RoleID`),
  CONSTRAINT `fk_user_role` FOREIGN KEY (`RoleID`) REFERENCES `Role` (`RoleID`)
) ENGINE=InnoDB AUTO_INCREMENT=72 DEFAULT CHARSET=utf8mb4 COLLATE=utf8mb4_0900_ai_ci;
/*!40101 SET character_set_client = @saved_cs_client */;

--
-- Dumping data for table `Users`
--

LOCK TABLES `Users` WRITE;
/*!40000 ALTER TABLE `Users` DISABLE KEYS */;
INSERT INTO `Users` VALUES (2,'Муравьев','Максим','Алексеевич','2','d4735e3a265e16eee03f59718b9b5d03019c07d8b6c51f90da3a666eec13ab35',2,'+7 (930) 751-12-12'),(3,'Сидоркин','Даниил','Дмитриевич','Sidorkin1','8c6976e5b5410415bde908bd4dee15dfb167a9c873fc4bb8a81f6f2ab448a918',1,'+7 (930) 112-12-65'),(5,'Беляева','Кристина','Олеговна','3','4e07408562bedb8b60ce05c1decfe3ad16b72230967de01f640b7e4729b49fce',3,'+7 (980) 222-21-31'),(6,'Иванов','Иван','Иванович','22','785f3ec7eb32f30b90cd0fcf3657d388b5ff4297f2f9716ff66e9b69c05ddd09',2,'+7 (930) 451-55-51'),(13,'Беляев','Андрей','Андреевич','222','9b871512327c09ce91dd649b3f96a63b7408ef267c8cc5710114e629730cb61f',2,'+7 (211) 769-11-12'),(19,'Ширяева','Валерия','Павловна','loginBDzzz2025','2d0a3d55e369ba93b5e21787ea0a1eb16430c2047298cb4dccc204a3a2ff2509',1,'+7 (930) 739-19-21'),(28,'Егорова','Виктория','Дмитриевна','loginBDpps2025','837415d9be86d98841e560e604a231c730ffe0913eca63676e6eb9a35f998530',2,'+7 (901) 722-19-22'),(31,'Шиханова','Дарья','Сергеевна','loginBDoiu2025','b390e506a89e4be4ea1be6ffd58e9d1dcbdd6d9fce55c368f4681c4de42662da',1,'+7 (333) 702-19-11'),(35,'Мартынова','Екатерина','Олеговна','loginEO2025','236ce6028a39cbca9311b198d004ac06d2f0e141cf8915ec012c129ab73828fb',2,'+7 (901) 100-22-35'),(38,'Егорова','Дарья','Павловна','loginDP2025','01bff976f3351845be753a796da87e0776b1409ec402090315e09290e0ad1aaf',3,'+7 (901) 100-22-38'),(40,'Богданова','Ирина','Александровна','loginIA2025','075e5ccfe524c85ec85bd50225f238c5b337d11b67753998abc3b41b62d691ec',3,'+7 (901) 100-22-40'),(41,'Солоников','Антон','Сергеевич','1','6b86b273ff34fce19d6b804eff5a3f5747ada4eaa22f1d49c01e52ddb7875b4b',1,'+7 (986) 769-19-66'),(42,'Архипов','Дмитрий','Сергеевич','user31','1e19b1da0f8084ae199d56416d53ab738f23ea105815e7a3974af0b256905b51',1,'+7 (941) 901-23-45'),(43,'Барсукова','Елена','Ивановна','user32','54a2979a455bec056285887a8137d1bfe6cbfd229e558ea4d28cd67cf81ed38e',2,'+7 (942) 012-34-56'),(44,'Вишняков','Алексей','Петрович','user33','ee176c10e26a7c9704139f3cbf2564170323a05279ec6cd08ce207596ec3391c',3,'+7 (943) 123-45-67'),(45,'Гайворонская','Наталья','Сергеевна','user34','c1fc6e955aab547abe915fc48772f24b5d5a6b4c97fcc5e3eedac2c43bf447c7',1,'+7 (944) 234-56-78'),(46,'Данилов','Виктор','Викторович','user35','df6637d36d2aba29af0bebe1768fd1a22c013aa4e07e848414bf7742663c460f',2,'+7 (945) 345-67-89'),(47,'Еремина','Ольга','Олеговна','user36','d3f9007f26340557f675fb260ca52fa2ba493fe0cfcfce4267e285c6872e2507',3,'+7 (946) 456-78-90'),(48,'Журавлева','Анна','Анатольевна','user37','45d7f583c325a685c32d7f0e4467c5518e28636257fd44561c8e5ddc8eea6154',1,'+7 (947) 567-89-01'),(49,'Заикина','Людмила','Ивановна','user38','9509fba24c4b7cb10a7c0afd0ff689740d66e2173241cfa052ce1cfe1dbcadde',2,'+7 (948) 678-90-12'),(50,'Иванова','Софья','Сергеевна','user39','792b1b6f8d9486480a584bff97c554a45daddc17f5f0596a4e39891842f45dc7',3,'+7 (949) 789-01-23'),(51,'Кольцова','Наталия','Игоревна','user40','11ab769a31e6cca540f5dea94e95697c27875f80455febcacc5201b3ada87060',1,'+7 (950) 890-12-34'),(52,'Кулешова','Виктория','Владимировна','user41','409dc579307c6ed69cd19f1b4c2f64c7f1d10d88b91b985a7258e4dc32aaa7b9',2,'+7 (951) 901-23-45'),(53,'Лазарева','Марина','Сергеевна','user42','fda9f6191a4c2954dee3337f24fe67d1cc826b21f5c3dcdee59f1b3ae349582e',3,'+7 (952) 012-34-56'),(54,'Макаренко','Павел','Анатольевич','user43','c2e25ce1a2582633960f14c87500a653e696d71dbb28a8d3e1a64f69ba59234e',1,'+7 (953) 123-45-67'),(55,'Назарова','Ирина','Валерьевна','user44','b48538340bc5bec05a8b9775cfdc2bd4bc43f365dbf8f55f582d207726a44e1b',2,'+7 (954) 234-56-78'),(56,'Остапов','Леонид','Леонидович','user45','073bc3d4bf148b0dca0f03c2a4ec405727d1c3fab452f1618a082c637a326f3c',3,'+7 (955) 345-67-89'),(57,'Панова','Елизавета','Игоревна','user46','447b7e3e8fc0ac9d88f8a253df7f4ee52cddce339c3e1540484bf98833e51cb2',1,'+7 (956) 456-78-90'),(58,'Разумова','Галина','Ивановна','user47','5531df7706165f133b0e0f01f04f649fcbea4e5434b27679a00233b88816b5eb',2,'+7 (957) 567-89-01'),(59,'Сапожникова','Валентина','Дмитриевна','user48','e19bef138e0c18612256f904fff723636bfc6dbc2b76b0c1609cc939a5a637a7',3,'+7 (958) 678-90-12'),(60,'Теплова','Людмила','Анатольевна','user49','edf8aeac824e9f84c5b3db14615d8c7461711182c3b7604da99bb66e70d500ce',1,'+7 (959) 789-01-23'),(61,'Устинова','Зинаида','Ивановна','user50','d43881d4cbc03f61f38ce39b78921b958f85b7338c846f163d4270cd38f99a0f',2,'+7 (960) 890-12-34'),(62,'Филипова','Клавдия','Сергеевна','user51','f78b05695a70f65d19158c7c09ad04c6b3c6a4eff7a8a73909f3fee04158139d',3,'+7 (961) 901-23-45'),(63,'Холодова','Раиса','Петровна','user52','cd86ac23e7cfd78c27bfb63a8e016932e548156f45c4120443cd199ff9e17903',1,'+7 (962) 012-34-56'),(64,'Царева','Рита','Константиновна','user53','ef8b033b048fd5f811a94f0ef75db74ce08d593140c1f2eb0664e51a17bc0a05',2,'+7 (963) 123-45-67'),(65,'Чебанова','Римма','Федоровна','user54','65e7bced07e080617530105dfa6634964900a52f9aeee10a57cef554cff8bc55',3,'+7 (964) 234-56-78'),(66,'Шевцова','Светлана','Павловна','user55','b0eb7ad7c3f33235c1892fb76b46af2b3bf7915b512be4b7b8a09b3808742995',1,'+7 (965) 345-67-89'),(67,'Щербатенко','Сергей','Игоревич','user56','ceacf2a14851913c8dee3d624685e7997b8defeca485912547e1d36e8a42a32f',2,'+7 (966) 456-78-90'),(68,'Яковлева','Вера','Ивановна','user57','ed5853523bb0917fc2a7f8185851600cdc0a80f9552696e25ccfe10c1139ee71',3,'+7 (967) 567-89-01'),(69,'Ячменева','Дорофея','Ивановна','user58','ee980a35deef48f85a3a1453da87962a7036037e7d748fbdd0b7c606c4654c5d',1,'+7 (968) 678-90-12'),(70,'Абрамов','Виталий','Викторович','user59','c5602c0f7875a3ad31328950748de00f90ce6a14f4f3946b2ace5c711a4e9c9a',2,'+7 (969) 789-01-23'),(71,'Аксенов','Эдуард','Эдуардович','user60','6aa122419aaf850b1a3a2f0194cf8f3343800621b4900319d15e0670525e4d18',3,'+7 (970) 890-12-34');
/*!40000 ALTER TABLE `Users` ENABLE KEYS */;
UNLOCK TABLES;
/*!40103 SET TIME_ZONE=@OLD_TIME_ZONE */;

/*!40101 SET SQL_MODE=@OLD_SQL_MODE */;
/*!40014 SET FOREIGN_KEY_CHECKS=@OLD_FOREIGN_KEY_CHECKS */;
/*!40014 SET UNIQUE_CHECKS=@OLD_UNIQUE_CHECKS */;
/*!40101 SET CHARACTER_SET_CLIENT=@OLD_CHARACTER_SET_CLIENT */;
/*!40101 SET CHARACTER_SET_RESULTS=@OLD_CHARACTER_SET_RESULTS */;
/*!40101 SET COLLATION_CONNECTION=@OLD_COLLATION_CONNECTION */;
/*!40111 SET SQL_NOTES=@OLD_SQL_NOTES */;

-- Dump completed on 2025-12-11 23:19:46
